{
  "builtin_entity_scope": [],
  "config": {
    "unit_name": "tfidf_vectorizer",
    "use_stemming": false,
    "word_clusters_name": null
  },
  "language_code": "en",
  "vectorizer": {
    "idf_diag": [
      2.9033505346365174,
      4.982792076316353,
      4.982792076316353,
      4.982792076316353,
      5.388257184424518,
      4.982792076316353,
      3.5164550075229264,
      4.471966452550363,
      4.001962823304627,
      4.695110003864572,
      4.982792076316353,
      5.388257184424518,
      4.982792076316353,
      4.982792076316353,
      5.388257184424518,
      5.388257184424518,
      5.388257184424518,
      5.388257184424518,
      5.388257184424518,
      4.982792076316353,
      5.388257184424518,
      4.289644895756409,
      4.695110003864572,
      4.289644895756409,
      4.13549421592915,
      4.982792076316353,
      4.982792076316353,
      4.289644895756409,
      4.982792076316353,
      4.289644895756409,
      4.982792076316353,
      4.471966452550363,
      4.695110003864572,
      3.0856720914304723,
      4.471966452550363,
      4.982792076316353,
      4.982792076316353,
      2.862528540116262,
      4.982792076316353,
      3.8841797876482436,
      4.289644895756409,
      4.471966452550363,
      4.982792076316353,
      5.388257184424518,
      2.4438182052580775,
      4.13549421592915
    ],
    "vocab": {
      "are": 0,
      "bot": 1,
      "code": 2,
      "come": 3,
      "configuration": 4,
      "did": 5,
      "do": 6,
      "exist": 7,
      "for": 8,
      "from": 9,
      "function": 10,
      "going": 11,
      "greetings": 12,
      "hellow": 13,
      "hellowz": 14,
      "helloz": 15,
      "hey": 16,
      "heya": 17,
      "heyo": 18,
      "hi": 19,
      "hola": 20,
      "how": 21,
      "job": 22,
      "made": 23,
      "on": 24,
      "os": 25,
      "purpose": 26,
      "run": 27,
      "running": 28,
      "s": 29,
      "server": 30,
      "stored": 31,
      "system": 32,
      "the": 33,
      "there": 34,
      "up": 35,
      "use": 36,
      "what": 37,
      "whazzup": 38,
      "where": 39,
      "who": 40,
      "why": 41,
      "written": 42,
      "yo": 43,
      "you": 44,
      "your": 45
    }
  }
}