{
  "builtin_entity_scope": [],
  "config": {
    "unit_name": "tfidf_vectorizer",
    "use_stemming": false,
    "word_clusters_name": null
  },
  "language_code": "en",
  "vectorizer": {
    "idf_diag": [
      2.823307826962981,
      4.695110003864572,
      4.982792076316353,
      4.695110003864572,
      4.695110003864572,
      3.4423470353692043,
      4.289644895756409,
      3.8841797876482436,
      4.471966452550363,
      4.982792076316353,
      4.982792076316353,
      5.388257184424518,
      4.982792076316353,
      4.982792076316353,
      5.388257184424518,
      4.982792076316353,
      4.982792076316353,
      5.388257184424518,
      4.982792076316353,
      3.8841797876482436,
      4.289644895756409,
      4.13549421592915,
      4.982792076316353,
      4.982792076316353,
      4.289644895756409,
      4.982792076316353,
      4.695110003864572,
      4.982792076316353,
      4.471966452550363,
      4.471966452550363,
      3.03688192726104,
      4.471966452550363,
      5.388257184424518,
      4.982792076316353,
      3.03688192726104,
      3.7788192719904172,
      4.13549421592915,
      4.289644895756409,
      4.982792076316353,
      2.3437347467010947,
      4.471966452550363
    ],
    "vocab": {
      "are": 0,
      "bot": 1,
      "code": 2,
      "come": 3,
      "did": 4,
      "do": 5,
      "exist": 6,
      "for": 7,
      "from": 8,
      "function": 9,
      "going": 10,
      "greetings": 11,
      "hellow": 12,
      "hellowz": 13,
      "helloz": 14,
      "hey": 15,
      "heya": 16,
      "heyo": 17,
      "hi": 18,
      "how": 19,
      "made": 20,
      "on": 21,
      "os": 22,
      "purpose": 23,
      "run": 24,
      "running": 25,
      "s": 26,
      "server": 27,
      "stored": 28,
      "system": 29,
      "the": 30,
      "there": 31,
      "up": 32,
      "use": 33,
      "what": 34,
      "where": 35,
      "who": 36,
      "why": 37,
      "written": 38,
      "you": 39,
      "your": 40
    }
  }
}