{
  "builtin_entity_scope": [],
  "config": {
    "unit_name": "tfidf_vectorizer",
    "use_stemming": false,
    "word_clusters_name": null
  },
  "language_code": "en",
  "vectorizer": {
    "idf_diag": [
      2.862528540116262,
      4.695110003864572,
      4.982792076316353,
      4.695110003864572,
      4.695110003864572,
      3.4423470353692043,
      4.289644895756409,
      4.471966452550363,
      4.982792076316353,
      5.388257184424518,
      4.982792076316353,
      4.471966452550363,
      5.388257184424518,
      5.388257184424518,
      4.982792076316353,
      5.388257184424518,
      4.982792076316353,
      5.388257184424518,
      4.001962823304627,
      3.8841797876482436,
      4.289644895756409,
      4.13549421592915,
      4.982792076316353,
      4.695110003864572,
      4.289644895756409,
      4.982792076316353,
      4.982792076316353,
      4.982792076316353,
      4.471966452550363,
      4.471966452550363,
      3.03688192726104,
      5.388257184424518,
      4.982792076316353,
      2.990361911626147,
      3.7788192719904172,
      4.289644895756409,
      4.289644895756409,
      4.982792076316353,
      2.367832298280155,
      4.289644895756409
    ],
    "vocab": {
      "are": 0,
      "bot": 1,
      "code": 2,
      "come": 3,
      "did": 4,
      "do": 5,
      "exist": 6,
      "from": 7,
      "function": 8,
      "going": 9,
      "greetings": 10,
      "hellow": 11,
      "hellowz": 12,
      "helloz": 13,
      "hey": 14,
      "heya": 15,
      "heyo": 16,
      "hi": 17,
      "how": 18,
      "is": 19,
      "made": 20,
      "on": 21,
      "os": 22,
      "purpose": 23,
      "run": 24,
      "running": 25,
      "s": 26,
      "server": 27,
      "stored": 28,
      "system": 29,
      "the": 30,
      "up": 31,
      "use": 32,
      "what": 33,
      "where": 34,
      "who": 35,
      "why": 36,
      "written": 37,
      "you": 38,
      "your": 39
    }
  }
}