{
  "builtin_entity_scope": [],
  "config": {
    "unit_name": "tfidf_vectorizer",
    "use_stemming": false,
    "word_clusters_name": null
  },
  "language_code": "en",
  "vectorizer": {
    "idf_diag": [
      2.749199854809259,
      4.982792076316353,
      4.695110003864572,
      4.695110003864572,
      3.6835090921860925,
      4.289644895756409,
      4.471966452550363,
      4.695110003864572,
      4.471966452550363,
      4.695110003864572,
      4.695110003864572,
      4.695110003864572,
      4.001962823304627,
      3.8841797876482436,
      4.289644895756409,
      4.289644895756409,
      4.982792076316353,
      4.695110003864572,
      4.695110003864572,
      4.695110003864572,
      4.695110003864572,
      4.289644895756409,
      4.695110003864572,
      2.9459101490553135,
      4.289644895756409,
      4.695110003864572,
      3.0856720914304723,
      3.5964977151964628,
      4.13549421592915,
      4.289644895756409,
      4.982792076316353,
      2.367832298280155,
      4.289644895756409
    ],
    "vocab": {
      "are": 0,
      "code": 1,
      "come": 2,
      "did": 3,
      "do": 4,
      "exist": 5,
      "from": 6,
      "function": 7,
      "greetings": 8,
      "hellow": 9,
      "hey": 10,
      "hi": 11,
      "how": 12,
      "is": 13,
      "made": 14,
      "on": 15,
      "purpose": 16,
      "run": 17,
      "running": 18,
      "s": 19,
      "server": 20,
      "stored": 21,
      "system": 22,
      "the": 23,
      "there": 24,
      "up": 25,
      "what": 26,
      "where": 27,
      "who": 28,
      "why": 29,
      "written": 30,
      "you": 31,
      "your": 32
    }
  }
}