{
  "builtin_entity_scope": [],
  "config": {
    "unit_name": "tfidf_vectorizer",
    "use_stemming": false,
    "word_clusters_name": null
  },
  "language_code": "en",
  "vectorizer": {
    "idf_diag": [
      4.850147601710058,
      2.8132656744490188,
      4.850147601710058,
      4.562465529258278,
      4.562465529258278,
      3.751535313041949,
      4.562465529258278,
      3.751535313041949,
      4.339321977944068,
      4.562465529258278,
      4.850147601710058,
      4.562465529258278,
      3.463853240590168,
      4.002849741322855,
      4.339321977944068,
      4.339321977944068,
      4.562465529258278,
      4.850147601710058,
      4.562465529258278,
      4.339321977944068,
      4.850147601710058,
      2.7298840655099674,
      3.176171168138387,
      3.3838105329166317,
      3.751535313041949,
      4.562465529258278,
      4.850147601710058,
      2.3652409519220585,
      3.8693183486983322
    ],
    "vocab": {
      "?": 0,
      "are": 1,
      "code": 2,
      "come": 3,
      "did": 4,
      "do": 5,
      "exist": 6,
      "for": 7,
      "from": 8,
      "function": 9,
      "hosted": 10,
      "how": 11,
      "is": 12,
      "made": 13,
      "on": 14,
      "purpose": 15,
      "run": 16,
      "running": 17,
      "server": 18,
      "stored": 19,
      "system": 20,
      "the": 21,
      "what": 22,
      "where": 23,
      "who": 24,
      "why": 25,
      "written": 26,
      "you": 27,
      "your": 28
    }
  }
}