{
  "builtin_entity_scope": [],
  "config": {
    "unit_name": "tfidf_vectorizer",
    "use_stemming": false,
    "word_clusters_name": null
  },
  "language_code": "en",
  "vectorizer": {
    "idf_diag": [
      2.990361911626147,
      4.695110003864572,
      4.982792076316353,
      4.695110003864572,
      4.982792076316353,
      4.695110003864572,
      3.5164550075229264,
      4.289644895756409,
      4.471966452550363,
      4.982792076316353,
      5.388257184424518,
      5.388257184424518,
      4.982792076316353,
      5.388257184424518,
      4.982792076316353,
      5.388257184424518,
      4.982792076316353,
      4.982792076316353,
      5.388257184424518,
      4.982792076316353,
      4.471966452550363,
      4.695110003864572,
      4.471966452550363,
      4.001962823304627,
      4.982792076316353,
      4.982792076316353,
      4.471966452550363,
      4.471966452550363,
      4.471966452550363,
      4.982792076316353,
      4.471966452550363,
      4.695110003864572,
      2.990361911626147,
      5.388257184424518,
      4.982792076316353,
      2.990361911626147,
      5.388257184424518,
      3.7788192719904172,
      4.289644895756409,
      4.289644895756409,
      4.982792076316353,
      4.982792076316353,
      2.4704864523402383,
      4.13549421592915
    ],
    "vocab": {
      "are": 0,
      "bot": 1,
      "code": 2,
      "come": 3,
      "configuration": 4,
      "did": 5,
      "do": 6,
      "exist": 7,
      "from": 8,
      "function": 9,
      "going": 10,
      "greetings": 11,
      "hellow": 12,
      "hellowz": 13,
      "helloz": 14,
      "hey": 15,
      "heya": 16,
      "heyo": 17,
      "hi": 18,
      "hola": 19,
      "how": 20,
      "job": 21,
      "made": 22,
      "on": 23,
      "os": 24,
      "purpose": 25,
      "run": 26,
      "running": 27,
      "s": 28,
      "server": 29,
      "stored": 30,
      "system": 31,
      "the": 32,
      "up": 33,
      "use": 34,
      "what": 35,
      "whazzup": 36,
      "where": 37,
      "who": 38,
      "why": 39,
      "written": 40,
      "yo": 41,
      "you": 42,
      "your": 43
    }
  }
}