{
  "builtin_entity_scope": [],
  "config": {
    "unit_name": "tfidf_vectorizer",
    "use_stemming": false,
    "word_clusters_name": null
  },
  "language_code": "en",
  "vectorizer": {
    "idf_diag": [
      2.9459101490553135,
      4.982792076316353,
      4.982792076316353,
      4.982792076316353,
      4.982792076316353,
      4.982792076316353,
      3.5964977151964628,
      4.471966452550363,
      4.695110003864572,
      4.982792076316353,
      4.982792076316353,
      4.982792076316353,
      4.982792076316353,
      5.388257184424518,
      5.388257184424518,
      5.388257184424518,
      5.388257184424518,
      5.388257184424518,
      5.388257184424518,
      4.982792076316353,
      4.289644895756409,
      4.13549421592915,
      4.695110003864572,
      4.13549421592915,
      4.001962823304627,
      4.982792076316353,
      4.982792076316353,
      4.471966452550363,
      4.471966452550363,
      4.289644895756409,
      4.982792076316353,
      4.695110003864572,
      4.471966452550363,
      3.1369653858180224,
      5.388257184424518,
      4.982792076316353,
      2.9459101490553135,
      4.982792076316353,
      4.001962823304627,
      4.001962823304627,
      4.471966452550363,
      4.982792076316353,
      4.982792076316353,
      2.4704864523402383,
      4.13549421592915
    ],
    "vocab": {
      "are": 0,
      "bot": 1,
      "code": 2,
      "come": 3,
      "configuration": 4,
      "did": 5,
      "do": 6,
      "exist": 7,
      "from": 8,
      "function": 9,
      "going": 10,
      "greetings": 11,
      "hellow": 12,
      "hellowz": 13,
      "helloz": 14,
      "hey": 15,
      "heya": 16,
      "heyo": 17,
      "hi": 18,
      "hola": 19,
      "how": 20,
      "is": 21,
      "job": 22,
      "made": 23,
      "on": 24,
      "os": 25,
      "purpose": 26,
      "run": 27,
      "running": 28,
      "s": 29,
      "server": 30,
      "stored": 31,
      "system": 32,
      "the": 33,
      "up": 34,
      "use": 35,
      "what": 36,
      "whazzup": 37,
      "where": 38,
      "who": 39,
      "why": 40,
      "written": 41,
      "yo": 42,
      "you": 43,
      "your": 44
    }
  }
}