{
  "builtin_entity_scope": [],
  "config": {
    "unit_name": "tfidf_vectorizer",
    "use_stemming": false,
    "word_clusters_name": null
  },
  "language_code": "en",
  "vectorizer": {
    "idf_diag": [
      4.086901660692284,
      2.8738790208464304,
      4.6930374642626,
      4.875359021056555,
      4.6930374642626,
      3.440274495767232,
      4.6930374642626,
      3.9998902837026544,
      4.086901660692284,
      4.086901660692284,
      4.538886784435341,
      5.098502572370764,
      4.875359021056555,
      4.538886784435341,
      5.098502572370764,
      5.098502572370764,
      3.440274495767232,
      3.3067431031427095,
      3.440274495767232,
      3.5403579543242145,
      3.349302717561505,
      2.441745665656105,
      3.440274495767232,
      4.405355391810819,
      3.7767467323884447,
      2.8212352873610085,
      3.9198475760291185,
      3.651583589434439,
      4.405355391810819,
      3.7767467323884447,
      5.386184644822546,
      3.5403579543242145,
      4.6930374642626,
      4.405355391810819,
      3.9998902837026544,
      4.875359021056555,
      4.875359021056555,
      5.098502572370764,
      4.538886784435341,
      4.875359021056555,
      5.098502572370764,
      3.3067431031427095,
      5.386184644822546,
      2.5929766353800283,
      3.7767467323884447,
      4.875359021056555,
      4.875359021056555,
      4.875359021056555,
      4.405355391810819,
      4.6930374642626,
      4.6930374642626,
      4.287572356154436,
      4.538886784435341,
      4.6930374642626,
      3.5403579543242145,
      4.875359021056555,
      4.6930374642626,
      4.875359021056555,
      4.6930374642626,
      3.440274495767232,
      3.440274495767232,
      4.538886784435341,
      3.7122082112508736,
      4.875359021056555,
      3.440274495767232,
      4.287572356154436,
      4.875359021056555,
      5.098502572370764,
      3.651583589434439,
      4.6930374642626,
      4.6930374642626,
      4.18221184049661,
      3.265921108622454
    ],
    "vocab": {
      "19": 0,
      "a": 1,
      "an": 2,
      "animation": 3,
      "auth": 4,
      "can": 5,
      "chat": 6,
      "check": 7,
      "corona": 8,
      "covid": 9,
      "data": 10,
      "dawfwaf": 11,
      "discuss": 12,
      "discussion": 13,
      "dude": 14,
      "dwafawf": 15,
      "entityfeaturechatword": 16,
      "entityfeatureinfoword": 17,
      "entityfeaturepassvar": 18,
      "entityfeaturepassword": 19,
      "entityfeaturepersonword": 20,
      "entityfeaturesearchword": 21,
      "entityfeaturetitlevar": 22,
      "fetch": 23,
      "find": 24,
      "for": 25,
      "get": 26,
      "gif": 27,
      "have": 28,
      "help": 29,
      "human": 30,
      "i": 31,
      "info": 32,
      "information": 33,
      "is": 34,
      "jhawadw": 35,
      "kajkjdskajd": 36,
      "ladida": 37,
      "let": 38,
      "linux": 39,
      "linuxinfo": 40,
      "look": 41,
      "maybe": 42,
      "me": 43,
      "of": 44,
      "on": 45,
      "pass": 46,
      "password": 47,
      "person": 48,
      "pin": 49,
      "please": 50,
      "s": 51,
      "search": 52,
      "someone": 53,
      "something": 54,
      "ssh": 55,
      "stuff": 56,
      "sudo": 57,
      "talk": 58,
      "test": 59,
      "the": 60,
      "this": 61,
      "to": 62,
      "top": 63,
      "unknown": 64,
      "up": 65,
      "upskill": 66,
      "wanna": 67,
      "want": 68,
      "we": 69,
      "who": 70,
      "with": 71,
      "you": 72
    }
  }
}