{
  "builtin_entity_scope": [],
  "config": {
    "unit_name": "tfidf_vectorizer",
    "use_stemming": false,
    "word_clusters_name": null
  },
  "language_code": "en",
  "vectorizer": {
    "idf_diag": [
      2.979621206397625,
      4.406737562037771,
      3.10745457790751,
      4.252586882210513,
      4.001272453929607,
      4.252586882210513,
      4.589059118831726,
      4.406737562037771,
      4.406737562037771,
      4.589059118831726,
      4.589059118831726,
      3.1539745935424026,
      2.9404004932443435,
      3.1539745935424026,
      3.2540580520993854,
      3.063002815336676,
      2.348349429555767,
      3.1539745935424026,
      4.589059118831726,
      4.001272453929607,
      2.6149780928097157,
      3.5594397016505672,
      4.11905548958599,
      3.800601758467455,
      4.812202670145935,
      3.2540580520993854,
      4.252586882210513,
      4.001272453929607,
      3.4259083090260445,
      4.812202670145935,
      4.812202670145935,
      4.589059118831726,
      4.406737562037771,
      4.589059118831726,
      5.099884742597716,
      3.10745457790751,
      4.812202670145935,
      2.7019894697993454,
      3.2027647577118348,
      4.589059118831726,
      4.589059118831726,
      4.589059118831726,
      4.11905548958599,
      4.406737562037771,
      4.589059118831726,
      4.11905548958599,
      4.11905548958599,
      4.589059118831726,
      3.2540580520993854,
      4.589059118831726,
      4.406737562037771,
      4.589059118831726,
      4.589059118831726,
      2.9026601652614965,
      3.89591193827178,
      3.2540580520993854,
      4.589059118831726,
      3.89591193827178,
      4.589059118831726,
      4.812202670145935,
      3.4904468301636156,
      4.11905548958599,
      4.589059118831726,
      3.5594397016505672,
      2.8312012012793515
    ],
    "vocab": {
      "a": 0,
      "auth": 1,
      "can": 2,
      "chat": 3,
      "check": 4,
      "data": 5,
      "dawfwaf": 6,
      "discuss": 7,
      "discussion": 8,
      "dude": 9,
      "dwafawf": 10,
      "entityfeaturechatword": 11,
      "entityfeatureinfoword": 12,
      "entityfeaturepassvar": 13,
      "entityfeaturepassword": 14,
      "entityfeaturepersonword": 15,
      "entityfeaturesearchword": 16,
      "entityfeaturetitlevar": 17,
      "fetch": 18,
      "find": 19,
      "for": 20,
      "get": 21,
      "have": 22,
      "help": 23,
      "human": 24,
      "i": 25,
      "info": 26,
      "information": 27,
      "is": 28,
      "jhawadw": 29,
      "kajkjdskajd": 30,
      "ladida": 31,
      "let": 32,
      "linux": 33,
      "linuxinfo": 34,
      "look": 35,
      "maybe": 36,
      "me": 37,
      "of": 38,
      "on": 39,
      "pass": 40,
      "password": 41,
      "person": 42,
      "pin": 43,
      "please": 44,
      "s": 45,
      "search": 46,
      "someone": 47,
      "something": 48,
      "ssh": 49,
      "stuff": 50,
      "sudo": 51,
      "talk": 52,
      "the": 53,
      "this": 54,
      "to": 55,
      "top": 56,
      "up": 57,
      "upskill": 58,
      "wanna": 59,
      "want": 60,
      "we": 61,
      "who": 62,
      "with": 63,
      "you": 64
    }
  }
}