{
  "builtin_entity_scope": [],
  "config": {
    "unit_name": "tfidf_vectorizer",
    "use_stemming": false,
    "word_clusters_name": null
  },
  "language_code": "en",
  "vectorizer": {
    "idf_diag": [
      4.001272453929607,
      3.3652836872096095,
      4.11905548958599,
      4.812202670145935,
      3.1539745935424026,
      3.1539745935424026,
      3.5594397016505672,
      2.391834541495506,
      3.10745457790751,
      4.406737562037771,
      4.589059118831726,
      3.063002815336676,
      3.1539745935424026,
      4.11905548958599,
      3.800601758467455,
      3.308125273369661,
      3.4259083090260445,
      3.1539745935424026,
      4.406737562037771,
      3.800601758467455,
      3.633547673804289,
      3.633547673804289,
      3.308125273369661,
      3.5594397016505672,
      3.0204432009178803,
      4.11905548958599,
      3.7135903814778253,
      4.001272453929607,
      3.1539745935424026,
      4.812202670145935,
      4.11905548958599,
      4.252586882210513,
      4.812202670145935,
      3.063002815336676,
      3.2540580520993854
    ],
    "vocab": {
      "?": 0,
      "can": 1,
      "chat": 2,
      "check": 3,
      "entityfeaturepass": 4,
      "entityfeaturetitle": 5,
      "find": 6,
      "for": 7,
      "get": 8,
      "have": 9,
      "identify": 10,
      "info": 11,
      "ksjdkawjdkw": 12,
      "let": 13,
      "look": 14,
      "me": 15,
      "of": 16,
      "password": 17,
      "person": 18,
      "s": 19,
      "search": 20,
      "someone": 21,
      "something": 22,
      "talk": 23,
      "the": 24,
      "this": 25,
      "to": 26,
      "up": 27,
      "upskill": 28,
      "wanna": 29,
      "want": 30,
      "we": 31,
      "who": 32,
      "with": 33,
      "you": 34
    }
  }
}