{
  "builtin_entity_scope": [],
  "config": {
    "unit_name": "tfidf_vectorizer",
    "use_stemming": false,
    "word_clusters_name": null
  },
  "language_code": "en",
  "vectorizer": {
    "idf_diag": [
      3.7788192719904172,
      3.5964977151964628,
      3.3088156427446815,
      4.13549421592915,
      4.471966452550363,
      3.4423470353692043,
      2.823307826962981,
      4.289644895756409,
      4.695110003864572,
      4.982792076316353,
      4.695110003864572,
      3.8841797876482436,
      3.6835090921860925,
      3.191032607088298,
      3.4423470353692043,
      4.13549421592915,
      3.5164550075229264,
      3.5964977151964628,
      3.5964977151964628,
      3.248191020928247,
      3.373354163882253,
      2.9033505346365174,
      3.8841797876482436,
      3.5964977151964628,
      4.001962823304627,
      4.695110003864572,
      4.001962823304627,
      4.289644895756409,
      4.695110003864572,
      3.191032607088298
    ],
    "vocab": {
      "?": 0,
      "a": 1,
      "can": 2,
      "chat": 3,
      "check": 4,
      "find": 5,
      "for": 6,
      "have": 7,
      "identify": 8,
      "info": 9,
      "information": 10,
      "let": 11,
      "look": 12,
      "me": 13,
      "of": 14,
      "person": 15,
      "s": 16,
      "search": 17,
      "someone": 18,
      "something": 19,
      "talk": 20,
      "the": 21,
      "this": 22,
      "to": 23,
      "up": 24,
      "wanna": 25,
      "want": 26,
      "we": 27,
      "who": 28,
      "you": 29
    }
  }
}