{
  "builtin_entity_scope": [],
  "config": {
    "unit_name": "tfidf_vectorizer",
    "use_stemming": false,
    "word_clusters_name": null
  },
  "language_code": "en",
  "vectorizer": {
    "idf_diag": [
      3.8693183486983322,
      3.6461747973841225,
      3.5508646175797978,
      4.002849741322855,
      4.562465529258278,
      3.5508646175797978,
      3.0043209112117277,
      4.157000421150114,
      3.8693183486983322,
      3.751535313041949,
      4.002849741322855,
      3.3838105329166317,
      3.176171168138387,
      3.751535313041949,
      4.850147601710058,
      3.0583881324820035,
      3.2407096892759584,
      2.8132656744490188,
      3.751535313041949,
      4.157000421150114,
      4.562465529258278,
      4.157000421150114,
      4.157000421150114,
      3.3838105329166317
    ],
    "vocab": {
      "?": 0,
      "a": 1,
      "can": 2,
      "chat": 3,
      "check": 4,
      "find": 5,
      "for": 6,
      "have": 7,
      "i": 8,
      "let": 9,
      "look": 10,
      "me": 11,
      "of": 12,
      "s": 13,
      "search": 14,
      "something": 15,
      "talk": 16,
      "the": 17,
      "to": 18,
      "up": 19,
      "wanna": 20,
      "want": 21,
      "we": 22,
      "you": 23
    }
  }
}