{
  "builtin_entity_scope": [],
  "config": {
    "unit_name": "tfidf_vectorizer",
    "use_stemming": false,
    "word_clusters_name": null
  },
  "language_code": "en",
  "vectorizer": {
    "idf_diag": [
      3.89591193827178,
      3.4904468301636156,
      4.11905548958599,
      4.589059118831726,
      3.1539745935424026,
      3.1539745935424026,
      5.099884742597716,
      3.4904468301636156,
      2.643148969776412,
      3.89591193827178,
      4.589059118831726,
      3.89591193827178,
      4.812202670145935,
      3.1539745935424026,
      4.812202670145935,
      3.1539745935424026,
      4.11905548958599,
      3.89591193827178,
      3.2027647577118348,
      3.4904468301636156,
      3.2540580520993854,
      4.252586882210513,
      3.7135903814778253,
      3.7135903814778253,
      3.7135903814778253,
      3.3652836872096095,
      3.5594397016505672,
      2.9404004932443435,
      4.001272453929607,
      3.7135903814778253,
      4.252586882210513,
      3.1539745935424026,
      4.812202670145935,
      4.11905548958599,
      4.252586882210513,
      4.812202670145935,
      3.3652836872096095
    ],
    "vocab": {
      "?": 0,
      "can": 1,
      "chat": 2,
      "check": 3,
      "entityfeaturepass": 4,
      "entityfeaturetitle": 5,
      "fetch": 6,
      "find": 7,
      "for": 8,
      "get": 9,
      "have": 10,
      "i": 11,
      "identify": 12,
      "info": 13,
      "information": 14,
      "ksjdkawjdkw": 15,
      "let": 16,
      "look": 17,
      "me": 18,
      "of": 19,
      "password": 20,
      "person": 21,
      "s": 22,
      "search": 23,
      "someone": 24,
      "something": 25,
      "talk": 26,
      "the": 27,
      "this": 28,
      "to": 29,
      "up": 30,
      "upskill": 31,
      "wanna": 32,
      "want": 33,
      "we": 34,
      "who": 35,
      "you": 36
    }
  }
}