{
  "builtin_entity_scope": [],
  "config": {
    "unit_name": "tfidf_vectorizer",
    "use_stemming": false,
    "word_clusters_name": null
  },
  "language_code": "en",
  "vectorizer": {
    "idf_diag": [
      3.89591193827178,
      3.2540580520993854,
      4.252586882210513,
      4.589059118831726,
      3.1539745935424026,
      3.1539745935424026,
      4.812202670145935,
      3.5594397016505672,
      2.6149780928097157,
      3.89591193827178,
      4.589059118831726,
      4.812202670145935,
      3.2027647577118348,
      4.812202670145935,
      3.1539745935424026,
      4.11905548958599,
      3.7135903814778253,
      3.2540580520993854,
      3.4259083090260445,
      3.2540580520993854,
      4.252586882210513,
      3.7135903814778253,
      3.800601758467455,
      3.633547673804289,
      3.3652836872096095,
      3.4904468301636156,
      3.063002815336676,
      4.001272453929607,
      3.800601758467455,
      4.001272453929607,
      3.1539745935424026,
      4.812202670145935,
      4.11905548958599,
      4.252586882210513,
      4.812202670145935,
      4.406737562037771,
      3.2027647577118348
    ],
    "vocab": {
      "?": 0,
      "can": 1,
      "chat": 2,
      "check": 3,
      "entityfeaturepass": 4,
      "entityfeaturetitle": 5,
      "fetch": 6,
      "find": 7,
      "for": 8,
      "get": 9,
      "have": 10,
      "identify": 11,
      "info": 12,
      "information": 13,
      "ksjdkawjdkw": 14,
      "let": 15,
      "look": 16,
      "me": 17,
      "of": 18,
      "password": 19,
      "person": 20,
      "s": 21,
      "search": 22,
      "someone": 23,
      "something": 24,
      "talk": 25,
      "the": 26,
      "this": 27,
      "to": 28,
      "up": 29,
      "upskill": 30,
      "wanna": 31,
      "want": 32,
      "we": 33,
      "who": 34,
      "with": 35,
      "you": 36
    }
  }
}