{
  "builtin_entity_scope": [],
  "config": {
    "unit_name": "tfidf_vectorizer",
    "use_stemming": false,
    "word_clusters_name": null
  },
  "language_code": "en",
  "vectorizer": {
    "idf_diag": [
      3.89591193827178,
      3.800601758467455,
      3.308125273369661,
      4.252586882210513,
      4.589059118831726,
      3.633547673804289,
      2.979621206397625,
      3.10745457790751,
      4.406737562037771,
      4.001272453929607,
      4.589059118831726,
      3.063002815336676,
      4.11905548958599,
      3.800601758467455,
      3.308125273369661,
      3.5594397016505672,
      4.406737562037771,
      3.800601758467455,
      3.7135903814778253,
      3.633547673804289,
      3.3652836872096095,
      3.4904468301636156,
      3.10745457790751,
      4.11905548958599,
      3.89591193827178,
      4.001272453929607,
      4.812202670145935,
      4.11905548958599,
      4.406737562037771,
      4.812202670145935,
      3.2027647577118348
    ],
    "vocab": {
      "?": 0,
      "a": 1,
      "can": 2,
      "chat": 3,
      "check": 4,
      "find": 5,
      "for": 6,
      "get": 7,
      "have": 8,
      "i": 9,
      "identify": 10,
      "info": 11,
      "let": 12,
      "look": 13,
      "me": 14,
      "of": 15,
      "person": 16,
      "s": 17,
      "search": 18,
      "someone": 19,
      "something": 20,
      "talk": 21,
      "the": 22,
      "this": 23,
      "to": 24,
      "up": 25,
      "wanna": 26,
      "want": 27,
      "we": 28,
      "who": 29,
      "you": 30
    }
  }
}