{
  "builtin_entity_scope": [],
  "config": {
    "unit_name": "tfidf_vectorizer",
    "use_stemming": false,
    "word_clusters_name": null
  },
  "language_code": "en",
  "vectorizer": {
    "idf_diag": [
      2.6845906348134454,
      4.606403232289698,
      3.35364026379433,
      4.606403232289698,
      3.6255739792779718,
      4.45225255246244,
      5.0118683403978626,
      4.606403232289698,
      4.606403232289698,
      5.0118683403978626,
      4.788724789083652,
      3.35364026379433,
      3.220108871169807,
      3.35364026379433,
      3.453723722351312,
      3.2626684855886032,
      2.2872888373444415,
      3.35364026379433,
      4.788724789083652,
      3.5649493574615367,
      2.6845906348134454,
      4.095577608523707,
      4.318721159837917,
      3.453723722351312,
      5.0118683403978626,
      3.307120248159437,
      4.606403232289698,
      4.45225255246244,
      3.759105371902494,
      5.299550412849643,
      4.788724789083652,
      4.788724789083652,
      4.45225255246244,
      4.788724789083652,
      5.0118683403978626,
      3.35364026379433,
      5.299550412849643,
      2.569521305028658,
      3.35364026379433,
      3.690112500415543,
      4.788724789083652,
      4.788724789083652,
      4.606403232289698,
      4.45225255246244,
      4.788724789083652,
      4.788724789083652,
      4.200938124181533,
      4.318721159837917,
      4.606403232289698,
      3.5077909436215884,
      4.788724789083652,
      4.45225255246244,
      4.788724789083652,
      4.606403232289698,
      3.35364026379433,
      3.220108871169807,
      4.318721159837917,
      3.5077909436215884,
      4.788724789083652,
      3.35364026379433,
      4.200938124181533,
      4.788724789083652,
      5.0118683403978626,
      3.402430427963762,
      4.606403232289698,
      4.095577608523707,
      3.102325835513424
    ],
    "vocab": {
      "a": 0,
      "auth": 1,
      "can": 2,
      "chat": 3,
      "check": 4,
      "data": 5,
      "dawfwaf": 6,
      "discuss": 7,
      "discussion": 8,
      "dude": 9,
      "dwafawf": 10,
      "entityfeaturechatword": 11,
      "entityfeatureinfoword": 12,
      "entityfeaturepassvar": 13,
      "entityfeaturepassword": 14,
      "entityfeaturepersonword": 15,
      "entityfeaturesearchword": 16,
      "entityfeaturetitlevar": 17,
      "fetch": 18,
      "find": 19,
      "for": 20,
      "get": 21,
      "have": 22,
      "help": 23,
      "human": 24,
      "i": 25,
      "info": 26,
      "information": 27,
      "is": 28,
      "jhawadw": 29,
      "kajkjdskajd": 30,
      "ladida": 31,
      "let": 32,
      "linux": 33,
      "linuxinfo": 34,
      "look": 35,
      "maybe": 36,
      "me": 37,
      "meme": 38,
      "of": 39,
      "on": 40,
      "pass": 41,
      "password": 42,
      "person": 43,
      "pin": 44,
      "please": 45,
      "s": 46,
      "search": 47,
      "someone": 48,
      "something": 49,
      "ssh": 50,
      "stuff": 51,
      "sudo": 52,
      "talk": 53,
      "test": 54,
      "the": 55,
      "this": 56,
      "to": 57,
      "top": 58,
      "unknown": 59,
      "up": 60,
      "upskill": 61,
      "wanna": 62,
      "want": 63,
      "who": 64,
      "with": 65,
      "you": 66
    }
  }
}