{
  "builtin_entity_scope": [],
  "config": {
    "unit_name": "tfidf_vectorizer",
    "use_stemming": false,
    "word_clusters_name": null
  },
  "language_code": "en",
  "vectorizer": {
    "idf_diag": [
      3.8841797876482436,
      3.3088156427446815,
      4.001962823304627,
      4.471966452550363,
      3.4423470353692043,
      2.862528540116262,
      4.471966452550363,
      3.6835090921860925,
      4.471966452550363,
      4.982792076316353,
      4.13549421592915,
      3.7788192719904172,
      3.1369653858180224,
      3.3088156427446815,
      4.289644895756409,
      3.7788192719904172,
      3.5964977151964628,
      3.5164550075229264,
      3.248191020928247,
      3.4423470353692043,
      2.990361911626147,
      4.001962823304627,
      3.5964977151964628,
      4.001962823304627,
      4.471966452550363,
      3.8841797876482436,
      4.289644895756409,
      4.695110003864572,
      3.1369653858180224
    ],
    "vocab": {
      "?": 0,
      "can": 1,
      "chat": 2,
      "check": 3,
      "find": 4,
      "for": 5,
      "have": 6,
      "i": 7,
      "identify": 8,
      "info": 9,
      "let": 10,
      "look": 11,
      "me": 12,
      "of": 13,
      "person": 14,
      "s": 15,
      "search": 16,
      "someone": 17,
      "something": 18,
      "talk": 19,
      "the": 20,
      "this": 21,
      "to": 22,
      "up": 23,
      "wanna": 24,
      "want": 25,
      "we": 26,
      "who": 27,
      "you": 28
    }
  }
}