{
  "coeffs": [
    [
      0.6218854695908025,
      -0.3760559473758838,
      0.570365716483722,
      2.674020843669762,
      -0.21410798745266033,
      -1.0281472474490527,
      -1.2231205187990808,
      0.747832851366373,
      0.07814136238350927,
      1.5198264767876315,
      -0.4686627947120604,
      -0.709794023801451,
      -1.462881549002936,
      1.5198264767876315,
      -0.28751966649871546,
      -1.0718702245302552,
      3.215053141994393,
      -1.7498257864119031,
      0.7886921044711236,
      -0.3910763214753763,
      1.1642048576078654,
      0.8432157664713074,
      0.8349161809841681,
      0.05305255912580855
    ],
    [
      0.5510481981897841,
      -0.8550777347550231,
      0.9520953017254417,
      -0.8906339980956981,
      1.0425682625127697,
      2.8206501918941136,
      0.32786455972155176,
      -0.30858703648344793,
      -0.15850677780247424,
      -0.500331902145131,
      0.9501590126669709,
      1.3202106750352367,
      -1.3558310383560552,
      -0.500331902145131,
      0.8460128022977023,
      3.2145446718357107,
      -1.0502394189490567,
      -1.6691443542630737,
      -0.32198294015568985,
      1.2366091784861324,
      -0.4499390532633825,
      0.4642716612770563,
      -0.6236401117000169,
      0.31055797948422675
    ],
    [
      -0.8749888696869101,
      0.35260203015614094,
      -1.1102594467029911,
      -1.5413890404210873,
      -0.6405498679403042,
      -1.6301000540876613,
      -0.05178063145607587,
      -0.4586478717592559,
      -0.13925760354813194,
      -1.0541295828332753,
      -0.5457183882894189,
      -0.8687759470158584,
      1.3180917302835864,
      -1.0541295828332753,
      -0.3168058060039376,
      -1.7379222382669872,
      -1.7366475677381352,
      1.6345488013004719,
      -0.46061744561433154,
      -0.7264905795816382,
      -0.5793507941015771,
      -0.7217589562938186,
      -0.33999342505152114,
      -0.46583456900071796
    ]
  ],
  "config": {
    "data_augmentation_config": {
      "add_builtin_entities_examples": false,
      "max_unknown_words": null,
      "min_utterances": 20,
      "noise_factor": 5,
      "unknown_word_prob": 0.0,
      "unknown_words_replacement_string": null
    },
    "featurizer_config": {
      "added_cooccurrence_feature_ratio": 0.0,
      "cooccurrence_vectorizer_config": {
        "filter_stop_words": true,
        "keep_order": true,
        "unit_name": "cooccurrence_vectorizer",
        "unknown_words_replacement_string": null,
        "window_size": null
      },
      "pvalue_threshold": 0.4,
      "tfidf_vectorizer_config": {
        "unit_name": "tfidf_vectorizer",
        "use_stemming": false,
        "word_clusters_name": null
      },
      "unit_name": "featurizer"
    },
    "noise_reweight_factor": 1,
    "unit_name": "log_reg_intent_classifier"
  },
  "featurizer": "featurizer",
  "intent_list": [
    "chat",
    "search",
    null
  ],
  "intercept": [
    -1.1225240024803231,
    -1.2267294152221988,
    0.449427138166628
  ],
  "t_": 4061.0
}